nombre_completo,usuario_gestor_1,Servicio,coordinador,jefe_inmediato,estado,rango_antiguedad
ACEVEDO DELGADO JULIAN HUGO,,DT FFP AMC ING,DUARTE NAVARRO TAMARA HUGO,QUINTERO JIMENEZ ADRIANA NATALIA,Retiro,>360
ACEVEDO ESCOBAR CAROLINA MATEO,9004263,CHAT HVC PORT AMC,TAMAYO DELGADO IGNACIO HUGO,CABRERA NAVARRO HELENA FABIAN,Retiro,>360
ACEVEDO FIGUEROA SOFIA PABLO,9001462,BO_WAIVERS,HOYOS MEDINA FLORENCIA EMILIO,GUERRERO MALDONADO DIEGO VALERIA,Activo,>360
ACEVEDO GALLEGO JULIAN VALENTIN,9003158,LATAM TRAVEL AMC,FUENTES MEDINA ELENA EMILIO,CASTILLO DELGADO BRUNO FABIAN,Retiro,>360
ACEVEDO GUERRERO CAROLINA CAROLINA,9008461,CHAT LUA AMC,DUARTE NAVARRO TAMARA HUGO,SALGADO DELGADO HUGO HUGO,Retiro,>30 y <=60
ACEVEDO HERRERA SOFIA FLORENCIA,9014148,VENTAS AMC,TAMAYO IBARRA IGNACIO JULIETA,GRANADOS FIGUEROA VALERIA RAMIRO,Activo,>360
ACEVEDO IBARRA JULIAN JULIETA,9006365,HVC AMC,GRANADOS JIMENEZ ELENA OLIVIA,FIGUEROA OCAMPO DIEGO JULIAN,Activo,>180 y <=360
ACEVEDO JIMENEZ CAROLINA OLIVIA,9006797,AGENCIAS TARGET ES,LEIVA FIGUEROA MARIANA OSCAR,LEIVA LEIVA MARIANA RENATA,Activo,>180 y <=360
ACEVEDO LEIVA SOFIA SOFIA,9006124,AGENCIAS TARGET ENG,LEIVA FIGUEROA MARIANA OSCAR,URIBE MALDONADO IGNACIO ANDRES,Activo,>180 y <=360
ACEVEDO MALDONADO JULIAN ANDRES,9003608,DT FFP AMC ING,FUENTES MEDINA ELENA EMILIO,ARIAS NAVARRO HELENA FABIAN,Activo,>360
ACEVEDO MEDINA CAROLINA DIEGO,9011049,VENTAS AMC,TAMAYO IBARRA IGNACIO JULIETA,GRANADOS FIGUEROA VALERIA RAMIRO,Activo,>120 y <=180
ACEVEDO NAVARRO SOFIA HUGO,9008112,BO LUA AMC,FUENTES MEDINA ELENA EMILIO,GUERRERO OCAMPO DIEGO JULIAN,Activo,>120 y <=180
AGUIRRE DELGADO ANDRES FABIAN,9002534,LUA AMC ING,GALLEGO FIGUEROA LUCIA OSCAR,MONTOYA FIGUEROA XIMENA RAMIRO,Activo,>360
AGUIRRE ESCOBAR OSCAR IGNACIO,9001167,BO ANTIFRAUDE AMC,TAMAYO DELGADO IGNACIO HUGO,CABRERA NAVARRO HELENA FABIAN,Activo,>360
AGUIRRE FIGUEROA GABRIELA NICOLAS,9004667,LUA AMC ING,GALLEGO FIGUEROA LUCIA OSCAR,MONTOYA FIGUEROA XIMENA RAMIRO,Activo,>360
AGUIRRE GALLEGO ANDRES RAMIRO,9007276,LUA AMC,GALLEGO FIGUEROA LUCIA OSCAR,SALGADO DELGADO HUGO HUGO,Activo,>180 y <=360
AGUIRRE GUERRERO OSCAR XAVIER,9003740,WPP EQUIPAJES AMC,FUENTES MEDINA ELENA EMILIO,CABRERA HERRERA HELENA DANIELA,Activo,>360
AGUIRRE HERRERA GABRIELA DANIELA,9006995,WPP HVC PORT AMC,TAMAYO DELGADO IGNACIO HUGO,MEDINA JIMENEZ XAVIER NATALIA,Retiro,>180 y <=360
AGUIRRE IBARRA ANDRES GABRIELA,9005481,BO AGENCIAS TARGET,LEIVA FIGUEROA MARIANA OSCAR,GRANADOS HERRERA VALERIA GABRIELA,Activo,>360
AGUIRRE JIMENEZ OSCAR LUCIA,9008468,CHAT LUA AMC,IBARRA ESCOBAR TOMAS JULIAN,ESCOBAR DELGADO CAMILO FABIAN,Retiro,>30 y <=60
AGUIRRE LEIVA GABRIELA PAULA,9003496,BO AGENCIAS TARGET,LEIVA FIGUEROA MARIANA OSCAR,GRANADOS HERRERA VALERIA GABRIELA,Retiro,>360
AGUIRRE MALDONADO ANDRES TAMARA,9003380,LUA AMC ING,GALLEGO FIGUEROA LUCIA OSCAR,MONTOYA FIGUEROA XIMENA RAMIRO,Activo,>360
AGUIRRE MEDINA OSCAR BRUNO,9008133,WPP LUA AMC,GALLEGO FIGUEROA LUCIA OSCAR,MALDONADO IBARRA FABIAN ISABEL,Activo,>120 y <=180
AGUIRRE NAVARRO GABRIELA FABIAN,9007016,BO LUA AMC,FUENTES MEDINA ELENA EMILIO,GUERRERO OCAMPO DIEGO JULIAN,Retiro,>180 y <=360
ARIAS DELGADO ANDRES FABIAN,9000103,WPP EQUIPAJES AMC,FUENTES MEDINA ELENA EMILIO,LEIVA NAVARRO MARIANA GABRIEL,Activo,>360
ARIAS ESCOBAR OSCAR IGNACIO,9012260,CHAT VENTAS AMC,TAMAYO IBARRA IGNACIO JULIETA,IRIARTE NAVARRO VALERIA IGNACIO,Activo,>360
ARIAS FIGUEROA HELENA NICOLAS,9002661,AG CORPORATE CHAT,LEIVA FIGUEROA MARIANA OSCAR,MALDONADO DELGADO FABIAN GABRIEL,Activo,>360
ARIAS GALLEGO ANDRES SANTIAGO,9002333,CORPORATE PYME,LEIVA FIGUEROA MARIANA OSCAR,VALENCIA HERRERA RENATA FLORENCIA,Activo,>360
ARIAS GUERRERO OSCAR XAVIER,9007504,WPP LUA AMC,GALLEGO FIGUEROA LUCIA OSCAR,MALDONADO IBARRA FABIAN ISABEL,Activo,>180 y <=360
ARIAS HERRERA HELENA DANIELA,,CARGO BOOKING,GALLEGO FIGUEROA LUCIA OSCAR,GRANADOS ESCOBAR ELENA MATEO,Activo,>360
ARIAS IBARRA ANDRES GABRIELA,9004854,WPP HVC PORT AMC,TAMAYO DELGADO IGNACIO HUGO,JIMENEZ GALLEGO EMILIO TOMAS,Retiro,>360
ARIAS JIMENEZ OSCAR LUCIA,9000639,BO EQUIPAJES AMC,FUENTES MEDINA ELENA EMILIO,FUENTES MEDINA ELENA EMILIO,Activo,>360
ARIAS LEIVA HELENA PAULA,9004785,WPP HVC PORT AMC,TAMAYO DELGADO IGNACIO HUGO,JIMENEZ GALLEGO EMILIO TOMAS,Retiro,>360
ARIAS NAVARRO HELENA FABIAN,,DT FFP AMC ING,FUENTES MEDINA ELENA EMILIO,FUENTES MEDINA ELENA EMILIO,Activo,>360
ARIAS OCAMPO ANDRES IGNACIO,9001209,SPEECH,HOYOS MALDONADO MATEO ANDRES,ARIAS MALDONADO ANDRES TAMARA,Activo,>360
BENITEZ DELGADO ANDRES FABIAN,9001855,WPP HVC PORT AMC,TAMAYO DELGADO IGNACIO HUGO,MEDINA JIMENEZ XAVIER NATALIA,Retiro,>360
BENITEZ ESCOBAR PABLO IGNACIO,9003892,WPP HVC PORT AMC,TAMAYO DELGADO IGNACIO HUGO,MEDINA JIMENEZ XAVIER NATALIA,Retiro,>360
BENITEZ FIGUEROA HELENA NICOLAS,9006326,WPP HVC PORT AMC,TAMAYO DELGADO IGNACIO HUGO,MEDINA JIMENEZ XAVIER NATALIA,Retiro,>180 y <=360
BENITEZ GALLEGO ANDRES SANTIAGO,9003260,BO AGENCIAS TARGET,LEIVA FIGUEROA MARIANA OSCAR,GRANADOS HERRERA VALERIA GABRIELA,Activo,>360
BENITEZ GUERRERO PABLO XAVIER,9002187,CHAT AGENCIAS ESP,LEIVA FIGUEROA MARIANA OSCAR,NAVARRO JIMENEZ XAVIER NATALIA,Activo,>360
BENITEZ HERRERA HELENA DANIELA,9005884,WPP LUA AMC,GALLEGO FIGUEROA LUCIA OSCAR,MALDONADO IBARRA FABIAN ISABEL,Activo,>180 y <=360
BENITEZ IBARRA ANDRES HELENA,9000458,AG CELULA REMISION,LEIVA FIGUEROA MARIANA OSCAR,NAVARRO JIMENEZ XAVIER NATALIA,Activo,>360
BENITEZ JIMENEZ PABLO LUCIA,9011442,BO HVC AMC PORTUGUES,HOYOS MALDONADO MATEO ANDRES,ARIAS MALDONADO ANDRES TAMARA,Retiro,>360
BENITEZ LEIVA HELENA PAULA,9018800,WPP VENTAS AMC,TAMAYO IBARRA IGNACIO JULIETA,OCAMPO MEDINA XAVIER DIEGO,Activo,>120 y <=180
BENITEZ MALDONADO ANDRES TAMARA,9003698,BO EQUIPAJES AMC,FUENTES MEDINA ELENA EMILIO,LEIVA NAVARRO MARIANA GABRIEL,Activo,>360
BENITEZ MEDINA PABLO BRUNO,9006204,AG CORPORATE CHAT,LEIVA FIGUEROA MARIANA OSCAR,MALDONADO DELGADO FABIAN GABRIEL,Activo,>180 y <=360
BENITEZ NAVARRO HELENA FABIAN,9011098,VENTAS AMC,TAMAYO IBARRA IGNACIO JULIETA,GRANADOS FIGUEROA VALERIA RAMIRO,Activo,>120 y <=180
BENITEZ OCAMPO ANDRES IGNACIO,9007828,BO LUA AMC,FUENTES MEDINA ELENA EMILIO,GUERRERO OCAMPO DIEGO JULIAN,Retiro,>120 y <=180
BOLIVAR DELGADO JULIAN HUGO,9004056,AG CELULA REMISION,LEIVA FIGUEROA MARIANA OSCAR,NAVARRO JIMENEZ XAVIER NATALIA,Activo,>360
BOLIVAR ESCOBAR DANIELA MATEO,9003782,BO EQUIPAJES AMC,FUENTES MEDINA ELENA EMILIO,CABRERA HERRERA HELENA DANIELA,Activo,>360
BOLIVAR FIGUEROA SOFIA PABLO,9001399,RRSS AMC,TAMAYO DELGADO IGNACIO HUGO,HOYOS LEIVA VALERIA TAMARA,Activo,>360
BOLIVAR GALLEGO JULIAN VALENTIN,9001754,HVC AMC,GRANADOS JIMENEZ ELENA OLIVIA,MALDONADO JIMENEZ VALENTIN MARIANA,Activo,>360
BOLIVAR GUERRERO DANIELA CAROLINA,9007160,CHAT AGENCIAS ESP,LEIVA FIGUEROA MARIANA OSCAR,GRANADOS HERRERA VALERIA GABRIELA,Activo,>180 y <=360
BOLIVAR HERRERA SOFIA FLORENCIA,9002783,AG CHECK IN,LEIVA FIGUEROA MARIANA OSCAR,MALDONADO DELGADO FABIAN GABRIEL,Activo,>360
BOLIVAR IBARRA JULIAN JULIETA,9018912,VENTAS AMC,TAMAYO IBARRA IGNACIO JULIETA,OCAMPO MEDINA XAVIER DIEGO,Activo,>120 y <=180
BOLIVAR JIMENEZ DANIELA OLIVIA,9004818,HVC AMC,GRANADOS JIMENEZ ELENA OLIVIA,FIGUEROA OCAMPO DIEGO JULIAN,Activo,>360
BOLIVAR LEIVA SOFIA SOFIA,9003179,SOPORTE LUA AMC,TAMAYO IBARRA IGNACIO JULIETA,JARAMILLO NAVARRO XIMENA IGNACIO,Activo,>360
BOLIVAR MALDONADO JULIAN ANDRES,9001056,RRSS PORT AMC,TAMAYO DELGADO IGNACIO HUGO,ARIAS MEDINA OSCAR BRUNO,Activo,>360
BOLIVAR MEDINA DANIELA EMILIO,9005339,LUA AMC,GALLEGO FIGUEROA LUCIA OSCAR,CARDENAS MEDINA PABLO BRUNO,Activo,>360
BOLIVAR NAVARRO SOFIA HUGO,9006300,CHAT AGENCIAS ESP,LEIVA FIGUEROA MARIANA OSCAR,CAMACHO LEIVA SOFIA SOFIA,Activo,>180 y <=360
CABRERA DELGADO BRUNO FABIAN,9005521,AGENCIAS TARGET ES,LEIVA FIGUEROA MARIANA OSCAR,LEIVA LEIVA MARIANA RENATA,Activo,>360
CABRERA ESCOBAR PABLO IGNACIO,9006104,EQUIPAJES AMC,FUENTES MEDINA ELENA EMILIO,LEIVA NAVARRO MARIANA GABRIEL,Activo,>180 y <=360
CABRERA FIGUEROA HELENA NICOLAS,9001964,BO HVC AMC PORTUGUES,TAMAYO DELGADO IGNACIO HUGO,MEDINA JIMENEZ XAVIER NATALIA,Retiro,>360
CABRERA GALLEGO BRUNO SANTIAGO,9004688,SOPORTE LUA AMC,TAMAYO IBARRA IGNACIO JULIETA,JARAMILLO NAVARRO XIMENA IGNACIO,Activo,>360
CABRERA GUERRERO PABLO XAVIER,9005269,AGENCIAS TARGET ES,LEIVA FIGUEROA MARIANA OSCAR,LEIVA LEIVA MARIANA RENATA,Activo,>360
CABRERA HERRERA HELENA DANIELA,,EQUIPAJES AMC ING,FUENTES MEDINA ELENA EMILIO,FUENTES MEDINA ELENA EMILIO,Activo,>360
CABRERA IBARRA BRUNO HELENA,9007402,RRSS PORT AMC,TAMAYO DELGADO IGNACIO HUGO,ARIAS MEDINA OSCAR BRUNO,Activo,>180 y <=360
CABRERA JIMENEZ PABLO LUCIA,9003719,EQUIPAJES AMC,FUENTES MEDINA ELENA EMILIO,CABRERA HERRERA HELENA DANIELA,Activo,>360
CABRERA LEIVA HELENA PAULA,9005581,BO_WAIVERS,HOYOS MEDINA FLORENCIA EMILIO,GUERRERO MALDONADO DIEGO VALERIA,Activo,>360
CABRERA MALDONADO BRUNO VALERIA,9005300,LUA AMC ING,GALLEGO FIGUEROA LUCIA OSCAR,PALACIOS MEDINA ADRIANA DIEGO,Activo,>360
CABRERA MEDINA PABLO BRUNO,9002957,RRSS AMC,TAMAYO DELGADO IGNACIO HUGO,ESCOBAR NAVARRO JULIETA FABIAN,Activo,>360
CAMACHO DELGADO LEANDRO HUGO,9003566,RRSS AMC,TAMAYO DELGADO IGNACIO HUGO,ARIAS MEDINA OSCAR BRUNO,Retiro,>360
CAMACHO ESCOBAR DANIELA MATEO,9006144,AGENCIAS TARGET ENG,LEIVA FIGUEROA MARIANA OSCAR,URIBE MALDONADO IGNACIO ANDRES,Activo,>180 y <=360
CAMACHO FIGUEROA SOFIA RAMIRO,9000618,LATAM TRAVEL AMC,FUENTES MEDINA ELENA EMILIO,FUENTES MEDINA ELENA EMILIO,Retiro,>360
CAMACHO GALLEGO LEANDRO VALENTIN,9002825,HVC AMC,GRANADOS JIMENEZ ELENA OLIVIA,MALDONADO JIMENEZ VALENTIN MARIANA,Activo,>360
CAMACHO GUERRERO DANIELA CAROLINA,9011056,VENTAS AMC,TAMAYO IBARRA IGNACIO JULIETA,GRANADOS FIGUEROA VALERIA RAMIRO,Activo,>120 y <=180
CAMACHO HERRERA SOFIA FLORENCIA,9019148,VENTAS AMC,TAMAYO IBARRA IGNACIO JULIETA,OCAMPO MEDINA XAVIER DIEGO,Activo,>120 y <=180
CAMACHO IBARRA LEANDRO JULIETA,,CARGO BOOKING,GALLEGO FIGUEROA LUCIA OSCAR,GRANADOS ESCOBAR ELENA MATEO,Activo,>360
CAMACHO JIMENEZ DANIELA OLIVIA,9000318,LATAM TRAVEL AMC,FUENTES MEDINA ELENA EMILIO,CASTILLO DELGADO BRUNO FABIAN,Activo,>360
CAMACHO MALDONADO LEANDRO ANDRES,9008454,CHAT LUA AMC,IBARRA ESCOBAR TOMAS JULIAN,ESCOBAR DELGADO CAMILO FABIAN,Retiro,>30 y <=60
CAMACHO MEDINA DANIELA EMILIO,9003280,AG CHECK IN,LEIVA FIGUEROA MARIANA OSCAR,MALDONADO DELGADO FABIAN GABRIEL,Activo,>360
CAMACHO NAVARRO SOFIA HUGO,9006164,AGENCIAS TARGET ENG,LEIVA FIGUEROA MARIANA OSCAR,URIBE MALDONADO IGNACIO ANDRES,Activo,>180 y <=360
CARDENAS DELGADO BRUNO FABIAN,9005652,EQUIPAJES AMC ING,FUENTES MEDINA ELENA EMILIO,CABRERA HERRERA HELENA DANIELA,Activo,>360
CARDENAS ESCOBAR PABLO JULIAN,9001320,RRSS AMC,TAMAYO DELGADO IGNACIO HUGO,CABRERA NAVARRO HELENA FABIAN,Activo,>360
CARDENAS FIGUEROA ISABEL NICOLAS,9007114,CORPORATE PYME,LEIVA FIGUEROA MARIANA OSCAR,VALENCIA HERRERA RENATA FLORENCIA,Activo,>180 y <=360
CARDENAS GALLEGO BRUNO SANTIAGO,9008569,AGENCIAS TARGET ENG,LEIVA FIGUEROA MARIANA OSCAR,URIBE MALDONADO IGNACIO ANDRES,Activo,>60 y <=90
CARDENAS GUERRERO PABLO XAVIER,9001700,DT FFP AMC,FUENTES MEDINA ELENA EMILIO,FUENTES MEDINA ELENA EMILIO,Activo,>360
CARDENAS HERRERA ISABEL DANIELA,9006011,WPP LUA AMC,GALLEGO FIGUEROA LUCIA OSCAR,MALDONADO IBARRA FABIAN ISABEL,Activo,>180 y <=360
CARDENAS IBARRA BRUNO HELENA,9002241,HVC AMC,GRANADOS JIMENEZ ELENA OLIVIA,FIGUEROA OCAMPO DIEGO JULIAN,Activo,>360
CARDENAS JIMENEZ PABLO LUCIA,9006896,CHAT HVC PORT AMC,TAMAYO DELGADO IGNACIO HUGO,CABRERA NAVARRO HELENA FABIAN,Retiro,>120 y <=180
CARDENAS LEIVA ISABEL PAULA,9015581,VENTAS AMC,TAMAYO IBARRA IGNACIO JULIETA,OCAMPO MEDINA XAVIER DIEGO,Activo,>360
CARDENAS MALDONADO BRUNO VALERIA,9018091,VENTAS AMC,TAMAYO IBARRA IGNACIO JULIETA,IRIARTE NAVARRO VALERIA IGNACIO,Activo,>180 y <=360
CARDENAS NAVARRO ISABEL FABIAN,9002552,AG CELULA REMISION,LEIVA FIGUEROA MARIANA OSCAR,NAVARRO JIMENEZ XAVIER NATALIA,Activo,>360
CARDENAS OCAMPO BRUNO JULIAN,9018842,VENTAS AMC,TAMAYO IBARRA IGNACIO JULIETA,IRIARTE NAVARRO VALERIA IGNACIO,Activo,>120 y <=180
CASTILLO ESCOBAR RAMIRO JULIAN,9001614,RRSS AMC,TAMAYO DELGADO IGNACIO HUGO,CABRERA NAVARRO HELENA FABIAN,Activo,>360
CASTILLO FIGUEROA ISABEL NICOLAS,9008475,CHAT LUA AMC,IBARRA ESCOBAR TOMAS JULIAN,SALGADO DELGADO HUGO HUGO,Retiro,>30 y <=60
CASTILLO GUERRERO RAMIRO ADRIANA,9004893,AGENCIAS TARGET ENG,LEIVA FIGUEROA MARIANA OSCAR,URIBE MALDONADO IGNACIO ANDRES,Activo,>360
CASTILLO HERRERA ISABEL DANIELA,9018545,VENTAS AMC,TAMAYO IBARRA IGNACIO JULIETA,OCAMPO MEDINA XAVIER DIEGO,Activo,>180 y <=360
CASTILLO IBARRA BRUNO HELENA,9001420,BO_CUS_COL,FUENTES MEDINA ELENA EMILIO,CASTILLO DELGADO BRUNO FABIAN,Activo,>360
CASTILLO JIMENEZ RAMIRO LUCIA,9006867,CORPORATE PYME,LEIVA FIGUEROA MARIANA OSCAR,VALENCIA HERRERA RENATA FLORENCIA,Activo,>180 y <=360
CASTILLO LEIVA ISABEL PAULA,9013418,CHAT VENTAS AMC,TAMAYO IBARRA IGNACIO JULIETA,OCAMPO MEDINA XAVIER DIEGO,Activo,>360
CASTILLO MALDONADO BRUNO VALERIA,9007023,CHAT LUA AMC,IBARRA ESCOBAR TOMAS JULIAN,SALGADO DELGADO HUGO HUGO,Retiro,>120 y <=180
CASTILLO MEDINA RAMIRO BRUNO,9008405,LUA AMC ING,GALLEGO FIGUEROA LUCIA OSCAR,MONTOYA FIGUEROA XIMENA RAMIRO,Activo,>120 y <=180
CASTILLO NAVARRO ISABEL FABIAN,9004061,AG CELULA REMISION,LEIVA FIGUEROA MARIANA OSCAR,NAVARRO JIMENEZ XAVIER NATALIA,Retiro,>360
CASTILLO OCAMPO BRUNO JULIAN,9004982,BO EQUIPAJES AMC,FUENTES MEDINA ELENA EMILIO,LEIVA NAVARRO MARIANA GABRIEL,Activo,>360
CORDERO DELGADO CAMILO FABIAN,9001441,BO EQUIPAJES AMC,FUENTES MEDINA ELENA EMILIO,LEIVA NAVARRO MARIANA GABRIEL,Activo,>360
CORDERO ESCOBAR RAMIRO JULIAN,9000440,RRSS AMC,TAMAYO DELGADO IGNACIO HUGO,ESCOBAR NAVARRO JULIETA FABIAN,Activo,>360
CORDERO FIGUEROA ISABEL NICOLAS,9005934,AG CHECK IN,LEIVA FIGUEROA MARIANA OSCAR,MALDONADO DELGADO FABIAN GABRIEL,Activo,>180 y <=360
CORDERO GALLEGO CAMILO SANTIAGO,9002313,AG CHECK IN,LEIVA FIGUEROA MARIANA OSCAR,MALDONADO DELGADO FABIAN GABRIEL,Activo,>360
CORDERO GUERRERO RAMIRO ADRIANA,,LUA AMC,DUARTE NAVARRO TAMARA HUGO,DUARTE NAVARRO TAMARA HUGO,Retiro,>360
CORDERO HERRERA ISABEL DANIELA,9017442,VENTAS AMC,TAMAYO IBARRA IGNACIO JULIETA,IRIARTE NAVARRO VALERIA IGNACIO,Activo,>180 y <=360
CORDERO IBARRA CAMILO HELENA,9006407,WPP LUA AMC,GALLEGO FIGUEROA LUCIA OSCAR,MALDONADO IBARRA FABIAN ISABEL,Activo,>180 y <=360
CORDERO JIMENEZ RAMIRO MARIANA,9000203,BO_WAIVERS,HOYOS MEDINA FLORENCIA EMILIO,GUERRERO MALDONADO DIEGO VALERIA,Activo,>360
CORDERO LEIVA ISABEL PAULA,9005749,WPP EQUIPAJES AMC,FUENTES MEDINA ELENA EMILIO,CABRERA HERRERA HELENA DANIELA,Activo,>180 y <=360
CORDERO MALDONADO CAMILO VALERIA,9002694,HVC AMC,GRANADOS JIMENEZ ELENA OLIVIA,MALDONADO JIMENEZ VALENTIN MARIANA,Retiro,>360
CORDERO MEDINA RAMIRO BRUNO,9002905,SPEECH,HOYOS MALDONADO MATEO ANDRES,ARIAS MALDONADO ANDRES TAMARA,Activo,>360
CORDERO NAVARRO ISABEL FABIAN,9000695,LATAM TRAVEL AMC,FUENTES MEDINA ELENA EMILIO,FUENTES MEDINA ELENA EMILIO,Retiro,>360
CORDERO OCAMPO CAMILO JULIAN,9000801,SPEECH,HOYOS MEDINA FLORENCIA EMILIO,ARIAS MALDONADO ANDRES TAMARA,Retiro,>360
DELGADO DELGADO CAMILO FABIAN,9003030,DT FFP AMC,FUENTES MEDINA ELENA EMILIO,FUENTES MEDINA ELENA EMILIO,Activo,>360
DELGADO ESCOBAR RAMIRO JULIAN,9002208,HVC AMC,GRANADOS JIMENEZ ELENA OLIVIA,MALDONADO JIMENEZ VALENTIN MARIANA,Activo,>360
DELGADO FIGUEROA JULIETA NICOLAS,9014590,SPEECH,HOYOS MALDONADO MATEO ANDRES,ARIAS MALDONADO ANDRES TAMARA,Activo,>360
DELGADO GALLEGO CAMILO SANTIAGO,9000276,BO ANTIFRAUDE AMC,TAMAYO DELGADO IGNACIO HUGO,CABRERA NAVARRO HELENA FABIAN,Activo,>360
DELGADO GUERRERO RAMIRO ADRIANA,9000297,WPP LUA AMC,GALLEGO FIGUEROA LUCIA OSCAR,PALACIOS MEDINA ADRIANA DIEGO,Activo,>360
DELGADO HERRERA JULIETA DANIELA,9006240,CHAT AGENCIAS ESP,LEIVA FIGUEROA MARIANA OSCAR,GRANADOS HERRERA VALERIA GABRIELA,Activo,>180 y <=360
DELGADO IBARRA CAMILO HELENA,9005560,EQUIPAJES AMC,FUENTES MEDINA ELENA EMILIO,LEIVA NAVARRO MARIANA GABRIEL,Activo,>360
DELGADO LEIVA JULIETA PAULA,9006617,WPP EQUIPAJES AMC,FUENTES MEDINA ELENA EMILIO,LEIVA NAVARRO MARIANA GABRIEL,Activo,>180 y <=360
DELGADO MALDONADO CAMILO VALERIA,9004560,BO AGENCIAS TARGET,LEIVA FIGUEROA MARIANA OSCAR,GRANADOS HERRERA VALERIA GABRIELA,Activo,>360
DELGADO MEDINA RAMIRO CAMILO,9002354,SOPORTE LUA AMC,TAMAYO IBARRA IGNACIO JULIETA,JARAMILLO NAVARRO XIMENA IGNACIO,Activo,>360
DELGADO NAVARRO JULIETA FABIAN,9012234,CHAT VENTAS AMC,TAMAYO IBARRA IGNACIO JULIETA,IRIARTE NAVARRO VALERIA IGNACIO,Activo,>360
DUARTE DELGADO LEANDRO HUGO,9002455,RRSS AMC,TAMAYO DELGADO IGNACIO HUGO,ARIAS MEDINA OSCAR BRUNO,Activo,>360
DUARTE ESCOBAR DANIELA MATEO,9001072,RRSS PORT AMC,DELGADO JIMENEZ RAMIRO MARIANA,ARIAS MEDINA OSCAR BRUNO,Retiro,>360
DUARTE FIGUEROA TAMARA RAMIRO,9008175,WPP LUA AMC,GALLEGO FIGUEROA LUCIA OSCAR,MALDONADO IBARRA FABIAN ISABEL,Activo,>120 y <=180
DUARTE GALLEGO LEANDRO VALENTIN,9002736,HVC AMC,GRANADOS JIMENEZ ELENA OLIVIA,FIGUEROA OCAMPO DIEGO JULIAN,Activo,>360
DUARTE GUERRERO DANIELA CAROLINA,9000681,EQUIPAJES AMC,FUENTES MEDINA ELENA EMILIO,LEIVA NAVARRO MARIANA GABRIEL,Activo,>360
DUARTE HERRERA TAMARA GABRIELA,9014204,VENTAS AMC,TAMAYO IBARRA IGNACIO JULIETA,GRANADOS FIGUEROA VALERIA RAMIRO,Activo,>360
DUARTE IBARRA LEANDRO JULIETA,9004540,AG CELULA REMISION,LEIVA FIGUEROA MARIANA OSCAR,NAVARRO JIMENEZ XAVIER NATALIA,Activo,>360
DUARTE JIMENEZ DANIELA OLIVIA,9007859,LUA AMC,GALLEGO FIGUEROA LUCIA OSCAR,CARDENAS MEDINA PABLO BRUNO,Activo,>120 y <=180
DUARTE LEIVA TAMARA SOFIA,9007567,BO EQUIPAJES AMC,FUENTES MEDINA ELENA EMILIO,CABRERA HERRERA HELENA DANIELA,Activo,>180 y <=360
DUARTE MALDONADO LEANDRO ANDRES,,LUA AMC,DUARTE NAVARRO TAMARA HUGO,CASTILLO GALLEGO BRUNO SANTIAGO,Retiro,>360
DUARTE MEDINA DANIELA EMILIO,9006890,CHAT LUA AMC,IBARRA ESCOBAR TOMAS JULIAN,SALGADO DELGADO HUGO HUGO,Retiro,>120 y <=180
ESCOBAR ESCOBAR SANTIAGO JULIAN,9006705,WPP HVC PORT AMC,TAMAYO DELGADO IGNACIO HUGO,JIMENEZ GALLEGO EMILIO TOMAS,Retiro,>180 y <=360
ESCOBAR FIGUEROA JULIETA OSCAR,9008384,LUA AMC ING,GALLEGO FIGUEROA LUCIA OSCAR,DELGADO OCAMPO CAMILO JULIAN,Activo,>120 y <=180
ESCOBAR GALLEGO CAMILO SANTIAGO,9006260,CHAT AGENCIAS ESP,LEIVA FIGUEROA MARIANA OSCAR,GRANADOS HERRERA VALERIA GABRIELA,Activo,>180 y <=360
ESCOBAR GUERRERO SANTIAGO ADRIANA,9004875,WPP EQUIPAJES AMC,FUENTES MEDINA ELENA EMILIO,LEIVA NAVARRO MARIANA GABRIEL,Activo,>360
ESCOBAR HERRERA JULIETA DANIELA,9007887,CHAT LUA AMC,DUARTE NAVARRO TAMARA HUGO,ESCOBAR DELGADO CAMILO FABIAN,Retiro,>30 y <=60
ESCOBAR IBARRA CAMILO HELENA,9006638,WPP EQUIPAJES AMC,FUENTES MEDINA ELENA EMILIO,LEIVA NAVARRO MARIANA GABRIEL,Activo,>180 y <=360
ESCOBAR JIMENEZ SANTIAGO MARIANA,,EQUIPAJES AMC,FUENTES MEDINA ELENA EMILIO,FUENTES MEDINA ELENA EMILIO,Retiro,>360
ESCOBAR LEIVA JULIETA PAULA,9000583,BO_WAIVERS,HOYOS MEDINA FLORENCIA EMILIO,GUERRERO MALDONADO DIEGO VALERIA,Activo,>360
ESCOBAR MEDINA SANTIAGO CAMILO,9005952,AG CORPORATE CHAT,LEIVA FIGUEROA MARIANA OSCAR,MALDONADO DELGADO FABIAN GABRIEL,Retiro,>180 y <=360
ESCOBAR NAVARRO JULIETA FABIAN,,RRSS PORT AMC,AGUIRRE OCAMPO ANDRES IGNACIO,TAMAYO DELGADO IGNACIO HUGO,Activo,>360
ESCOBAR OCAMPO CAMILO JULIAN,9005423,DT FFP AMC,FUENTES MEDINA ELENA EMILIO,FUENTES MEDINA ELENA EMILIO,Activo,>360
ESPINOZA DELGADO LEANDRO HUGO,9003587,EQUIPAJES AMC ING,FUENTES MEDINA ELENA EMILIO,CABRERA HERRERA HELENA DANIELA,Activo,>360
ESPINOZA ESCOBAR ELENA MATEO,9005863,LUA AMC ING,GALLEGO FIGUEROA LUCIA OSCAR,DELGADO OCAMPO CAMILO JULIAN,Activo,>180 y <=360
ESPINOZA FIGUEROA TAMARA RAMIRO,9006062,LUA AMC,GALLEGO FIGUEROA LUCIA OSCAR,CARDENAS MEDINA PABLO BRUNO,Activo,>180 y <=360
ESPINOZA GALLEGO LEANDRO VALENTIN,9000874,HVC AMC,GRANADOS JIMENEZ ELENA OLIVIA,ESCOBAR MALDONADO CAMILO VALERIA,Activo,>360
ESPINOZA GUERRERO ELENA CAROLINA,9019051,VENTAS AMC,TAMAYO IBARRA IGNACIO JULIETA,OCAMPO MEDINA XAVIER DIEGO,Activo,>120 y <=180
ESPINOZA HERRERA TAMARA GABRIELA,9002641,AG CORPORATE CHAT,LEIVA FIGUEROA MARIANA OSCAR,MALDONADO DELGADO FABIAN GABRIEL,Activo,>360
ESPINOZA IBARRA LEANDRO JULIETA,,EQUIPAJES AMC ING,AGUIRRE OCAMPO ANDRES IGNACIO,MONTOYA HERRERA XIMENA GABRIELA,Retiro,>360
ESPINOZA JIMENEZ ELENA OLIVIA,9002999,EQUIPAJES AMC ING,FUENTES MEDINA ELENA EMILIO,CABRERA HERRERA HELENA DANIELA,Activo,>360
ESPINOZA LEIVA TAMARA TAMARA,9001909,RRSS AMC ING,DELGADO JIMENEZ RAMIRO MARIANA,HOYOS LEIVA VALERIA TAMARA,Retiro,>360
ESPINOZA MALDONADO LEANDRO ANDRES,9002167,BO_CORPORATE,LEIVA FIGUEROA MARIANA OSCAR,MALDONADO DELGADO FABIAN GABRIEL,Activo,>360
ESPINOZA MEDINA ELENA EMILIO,9002147,SOPORTE LUA AMC,TAMAYO IBARRA IGNACIO JULIETA,JARAMILLO NAVARRO XIMENA IGNACIO,Activo,>360
ESPINOZA NAVARRO TAMARA HUGO,9001499,HVC AMC,GRANADOS JIMENEZ ELENA OLIVIA,MALDONADO JIMENEZ VALENTIN MARIANA,Activo,>360
FIGUEROA DELGADO DIEGO FABIAN,9004207,RRSS AMC,TAMAYO DELGADO IGNACIO HUGO,ARIAS MEDINA OSCAR BRUNO,Activo,>360
FIGUEROA ESCOBAR SANTIAGO JULIAN,9003516,AG CORPORATE CHAT,LEIVA FIGUEROA MARIANA OSCAR,MALDONADO DELGADO FABIAN GABRIEL,Activo,>360
FIGUEROA FIGUEROA JULIETA OSCAR,9003333,BO AGENCIAS TARGET,LEIVA FIGUEROA MARIANA OSCAR,GRANADOS HERRERA VALERIA GABRIELA,Activo,>360
FIGUEROA GALLEGO DIEGO SANTIAGO,9003866,BO_WAIVERS,HOYOS MEDINA FLORENCIA EMILIO,GUERRERO MALDONADO DIEGO VALERIA,Activo,>360
FIGUEROA GUERRERO SANTIAGO ADRIANA,9006917,WPP LUA AMC,GALLEGO FIGUEROA LUCIA OSCAR,MALDONADO IBARRA FABIAN ISABEL,Activo,>180 y <=360
FIGUEROA HERRERA JULIETA ELENA,9013296,CHAT VENTAS AMC,TAMAYO IBARRA IGNACIO JULIETA,IRIARTE NAVARRO VALERIA IGNACIO,Activo,>360
FIGUEROA IBARRA DIEGO HELENA,9018076,WPP VENTAS AMC,TAMAYO IBARRA IGNACIO JULIETA,OCAMPO MEDINA XAVIER DIEGO,Activo,>180 y <=360
FIGUEROA JIMENEZ SANTIAGO MARIANA,9007348,RRSS PORT AMC,TAMAYO DELGADO IGNACIO HUGO,ARIAS MEDINA OSCAR BRUNO,Activo,>180 y <=360
FIGUEROA LEIVA JULIETA PAULA,9011260,VENTAS AMC,TAMAYO IBARRA IGNACIO JULIETA,IRIARTE NAVARRO VALERIA IGNACIO,Activo,>360
FIGUEROA MALDONADO DIEGO VALERIA,9000020,BO_WAIVERS,HOYOS MEDINA FLORENCIA EMILIO,GUERRERO MALDONADO DIEGO VALERIA,Activo,>360
FIGUEROA MEDINA SANTIAGO CAMILO,,PLANEACION,HOYOS MEDINA FLORENCIA EMILIO,HOYOS MEDINA FLORENCIA EMILIO,Retiro,>360
FUENTES DELGADO MATEO IGNACIO,9004719,DT FFP AMC,FUENTES MEDINA ELENA EMILIO,REYES NAVARRO PAULA HUGO,Retiro,>360
FUENTES ESCOBAR ELENA MATEO,9000402,BO_CUS_COL,FUENTES MEDINA ELENA EMILIO,CASTILLO DELGADO BRUNO FABIAN,Activo,>360
FUENTES FIGUEROA TAMARA RAMIRO,9001941,RRSS AMC ING,TAMAYO DELGADO IGNACIO HUGO,HOYOS LEIVA VALERIA TAMARA,Activo,>360
FUENTES GALLEGO MATEO VALENTIN,9005217,CHAT AGENCIAS ESP,LEIVA FIGUEROA MARIANA OSCAR,NAVARRO JIMENEZ XAVIER NATALIA,Activo,>360
FUENTES GUERRERO ELENA CAROLINA,9001721,DT FFP AMC,FUENTES MEDINA ELENA EMILIO,FUENTES MEDINA ELENA EMILIO,Activo,>360
FUENTES HERRERA TAMARA GABRIELA,9003425,WPP HVC PORT AMC,TAMAYO DELGADO IGNACIO HUGO,JIMENEZ GALLEGO EMILIO TOMAS,Retiro,>360
FUENTES IBARRA MATEO JULIETA,9002513,EQUIPAJES AMC ING,FUENTES MEDINA ELENA EMILIO,CABRERA HERRERA HELENA DANIELA,Activo,>360
FUENTES JIMENEZ ELENA OLIVIA,9008412,CHAT LUA AMC,IBARRA ESCOBAR TOMAS JULIAN,SALGADO DELGADO HUGO HUGO,Retiro,>30 y <=60
FUENTES LEIVA TAMARA TAMARA,9000955,RRSS AMC ING,AGUIRRE OCAMPO ANDRES IGNACIO,TAMAYO DELGADO IGNACIO HUGO,Activo,>360
FUENTES MALDONADO MATEO ANDRES,9014390,WPP VENTAS AMC,TAMAYO IBARRA IGNACIO JULIETA,OCAMPO MEDINA XAVIER DIEGO,Activo,>360
FUENTES MEDINA ELENA EMILIO,,BO LUA AMC,AGUIRRE OCAMPO ANDRES IGNACIO,AGUIRRE OCAMPO ANDRES IGNACIO,Activo,>360
FUENTES NAVARRO TAMARA IGNACIO,9003845,DT FFP AMC ING,FUENTES MEDINA ELENA EMILIO,ARIAS NAVARRO HELENA FABIAN,Activo,>360
GALLEGO DELGADO DIEGO FABIAN,9003359,AG CHECK IN,LEIVA FIGUEROA MARIANA OSCAR,MALDONADO DELGADO FABIAN GABRIEL,Activo,>360
GALLEGO ESCOBAR SANTIAGO JULIAN,9001637,LUA AMC,GALLEGO FIGUEROA LUCIA OSCAR,CARDENAS MEDINA PABLO BRUNO,Retiro,>360
GALLEGO GALLEGO DIEGO SANTIAGO,9001561,DT FFP AMC,FUENTES MEDINA ELENA EMILIO,ARIAS NAVARRO HELENA FABIAN,Activo,>360
GALLEGO GUERRERO SANTIAGO ADRIANA,9008195,BO_CORPORATE,LEIVA FIGUEROA MARIANA OSCAR,MALDONADO DELGADO FABIAN GABRIEL,Activo,>120 y <=180
GALLEGO HERRERA LUCIA ELENA,9005105,WPP LUA AMC,GALLEGO FIGUEROA LUCIA OSCAR,MALDONADO IBARRA FABIAN ISABEL,Activo,>360
GALLEGO IBARRA DIEGO HELENA,9016950,VENTAS AMC,TAMAYO IBARRA IGNACIO JULIETA,GRANADOS FIGUEROA VALERIA RAMIRO,Activo,>180 y <=360
GALLEGO JIMENEZ SANTIAGO MARIANA,9004474,BO_CORPORATE,LEIVA FIGUEROA MARIANA OSCAR,MALDONADO DELGADO FABIAN GABRIEL,Activo,>360
GALLEGO LEIVA LUCIA RENATA,,CARGO BOOKING,GALLEGO FIGUEROA LUCIA OSCAR,GRANADOS ESCOBAR ELENA MATEO,Activo,>360
GALLEGO MALDONADO DIEGO VALERIA,9005842,LUA AMC ING,GALLEGO FIGUEROA LUCIA OSCAR,MONTOYA FIGUEROA XIMENA RAMIRO,Activo,>180 y <=360
GALLEGO MEDINA SANTIAGO CAMILO,9001658,SPEECH,HOYOS MALDONADO MATEO ANDRES,ARIAS MALDONADO ANDRES TAMARA,Activo,>360
GALLEGO NAVARRO LUCIA FABIAN,9007297,LUA AMC,GALLEGO FIGUEROA LUCIA OSCAR,SALGADO DELGADO HUGO HUGO,Activo,>180 y <=360
GALLEGO OCAMPO DIEGO JULIAN,9013687,WPP VENTAS AMC,TAMAYO IBARRA IGNACIO JULIETA,GRANADOS FIGUEROA VALERIA RAMIRO,Activo,>360
GRANADOS DELGADO MATEO IGNACIO,9004005,BO_CORPORATE,LEIVA FIGUEROA MARIANA OSCAR,MALDONADO DELGADO FABIAN GABRIEL,Retiro,>360
GRANADOS ESCOBAR ELENA MATEO,,CARGO BOOKING,GALLEGO FIGUEROA LUCIA OSCAR,GALLEGO FIGUEROA LUCIA OSCAR,Activo,>360
GRANADOS FIGUEROA VALERIA RAMIRO,,VENTAS AMC,TAMAYO IBARRA IGNACIO JULIETA,TAMAYO IBARRA IGNACIO JULIETA,Activo,>360
GRANADOS GALLEGO MATEO XAVIER,9002043,BO ANTIFRAUDE AMC,TAMAYO DELGADO IGNACIO HUGO,CABRERA NAVARRO HELENA FABIAN,Activo,>360
GRANADOS GUERRERO ELENA CAROLINA,9008041,WPP LUA AMC,GALLEGO FIGUEROA LUCIA OSCAR,PALACIOS MEDINA ADRIANA DIEGO,Activo,>120 y <=180
GRANADOS LEIVA VALERIA TAMARA,9006883,BO HVC AMC PORTUGUES,TAMAYO DELGADO IGNACIO HUGO,MEDINA JIMENEZ XAVIER NATALIA,Retiro,>180 y <=360
GRANADOS MALDONADO MATEO ANDRES,9004257,HVC AMC,TAMAYO DELGADO IGNACIO HUGO,FIGUEROA OCAMPO DIEGO JULIAN,Retiro,>360
GRANADOS MEDINA ELENA EMILIO,9005790,BO_CORPORATE,LEIVA FIGUEROA MARIANA OSCAR,MALDONADO DELGADO FABIAN GABRIEL,Activo,>180 y <=360
GRANADOS NAVARRO VALERIA IGNACIO,9011042,VENTAS AMC,MONTOYA HERRERA XIMENA GABRIELA,GRANADOS FIGUEROA VALERIA RAMIRO,Retiro,>120 y <=180
GUERRERO DELGADO DIEGO GABRIEL,9007797,CHAT AGENCIAS ESP,LEIVA FIGUEROA MARIANA OSCAR,CAMACHO LEIVA SOFIA SOFIA,Activo,>120 y <=180
GUERRERO ESCOBAR TOMAS JULIAN,9018536,WPP VENTAS AMC,TAMAYO IBARRA IGNACIO JULIETA,IRIARTE NAVARRO VALERIA IGNACIO,Activo,>180 y <=360
GUERRERO FIGUEROA LUCIA OSCAR,9001288,WPP EQUIPAJES AMC,FUENTES MEDINA ELENA EMILIO,LEIVA NAVARRO MARIANA GABRIEL,Activo,>360
GUERRERO GALLEGO DIEGO SANTIAGO,9008216,DT FFP AMC,FUENTES MEDINA ELENA EMILIO,ARIAS NAVARRO HELENA FABIAN,Activo,>120 y <=180
GUERRERO GUERRERO TOMAS ADRIANA,9000500,LATAM TRAVEL AMC,FUENTES MEDINA ELENA EMILIO,CASTILLO DELGADO BRUNO FABIAN,Activo,>360
GUERRERO HERRERA LUCIA ELENA,9002757,DT FFP AMC,FUENTES MEDINA ELENA EMILIO,ARIAS NAVARRO HELENA FABIAN,Activo,>360
GUERRERO JIMENEZ TOMAS MARIANA,9007749,AGENCIAS TARGET ES,LEIVA FIGUEROA MARIANA OSCAR,LEIVA LEIVA MARIANA RENATA,Activo,>120 y <=180
GUERRERO LEIVA LUCIA RENATA,9013970,CHAT VENTAS AMC,TAMAYO IBARRA IGNACIO JULIETA,OCAMPO MEDINA XAVIER DIEGO,Activo,>360
GUERRERO MEDINA TOMAS CAMILO,9001093,EQUIPAJES AMC ING,FUENTES MEDINA ELENA EMILIO,CABRERA HERRERA HELENA DANIELA,Activo,>360
GUERRERO NAVARRO LUCIA GABRIEL,,ANTIFRAUDE,CABRERA OCAMPO BRUNO IGNACIO,HERRERA GALLEGO EMILIO TOMAS,Retiro,>360
HERRERA DELGADO EMILIO GABRIEL,9003677,WPP EQUIPAJES AMC,FUENTES MEDINA ELENA EMILIO,CABRERA HERRERA HELENA DANIELA,Activo,>360
HERRERA ESCOBAR TOMAS JULIAN,9002084,SOPORTE LUA AMC,TAMAYO IBARRA IGNACIO JULIETA,JARAMILLO NAVARRO XIMENA IGNACIO,Activo,>360
HERRERA FIGUEROA LUCIA OSCAR,9001229,BO HVC AMC PORTUGUES,TAMAYO ESCOBAR BELEN LEANDRO,TAMAYO ESCOBAR BELEN LEANDRO,Retiro,>360
HERRERA GUERRERO TOMAS ADRIANA,9005728,AG CORPORATE CHAT,LEIVA FIGUEROA MARIANA OSCAR,MALDONADO DELGADO FABIAN GABRIEL,Activo,>180 y <=360
HERRERA HERRERA LUCIA ELENA,,LUA AMC,AGUIRRE OCAMPO ANDRES IGNACIO,MONTOYA HERRERA XIMENA GABRIELA,Retiro,>360
HERRERA IBARRA EMILIO HELENA,,WPP HVC PORT AMC,AGUIRRE OCAMPO ANDRES IGNACIO,TAMAYO DELGADO IGNACIO HUGO,Retiro,>360
HERRERA JIMENEZ TOMAS MARIANA,9003964,RRSS AMC,TAMAYO DELGADO IGNACIO HUGO,CABRERA NAVARRO HELENA FABIAN,Activo,>360
HERRERA LEIVA LUCIA RENATA,9003137,SOPORTE LUA AMC,TAMAYO IBARRA IGNACIO JULIETA,JARAMILLO NAVARRO XIMENA IGNACIO,Activo,>360
HERRERA MALDONADO EMILIO VALERIA,9013714,WPP VENTAS AMC,TAMAYO IBARRA IGNACIO JULIETA,OCAMPO MEDINA XAVIER DIEGO,Activo,>360
HERRERA MEDINA TOMAS CAMILO,9000041,BO_CUS_COL,FUENTES MEDINA ELENA EMILIO,CASTILLO DELGADO BRUNO FABIAN,Activo,>360
HERRERA NAVARRO LUCIA GABRIEL,9003313,HVC AMC,GRANADOS JIMENEZ ELENA OLIVIA,MALDONADO JIMENEZ VALENTIN MARIANA,Activo,>360
HERRERA OCAMPO EMILIO JULIAN,9008300,WPP EQUIPAJES AMC,FUENTES MEDINA ELENA EMILIO,LEIVA NAVARRO MARIANA GABRIEL,Activo,>120 y <=180
HOYOS DELGADO MATEO IGNACIO,9007880,BO LUA AMC,FUENTES MEDINA ELENA EMILIO,GUERRERO OCAMPO DIEGO JULIAN,Activo,>120 y <=180
HOYOS ESCOBAR FLORENCIA MATEO,9007192,AGENCIAS TARGET ES,LEIVA FIGUEROA MARIANA OSCAR,CAMACHO LEIVA SOFIA SOFIA,Activo,>180 y <=360
HOYOS FIGUEROA VALERIA RAMIRO,9003922,RRSS AMC,TAMAYO DELGADO IGNACIO HUGO,HOYOS LEIVA VALERIA TAMARA,Activo,>360
HOYOS GALLEGO MATEO XAVIER,9008020,CORPORATE PYME,LEIVA FIGUEROA MARIANA OSCAR,VALENCIA HERRERA RENATA FLORENCIA,Activo,>120 y <=180
HOYOS GUERRERO FLORENCIA CAROLINA,9007064,AGENCIAS TARGET ES,LEIVA FIGUEROA MARIANA OSCAR,LEIVA LEIVA MARIANA RENATA,Retiro,>180 y <=360
HOYOS HERRERA VALERIA GABRIELA,9006596,DT FFP AMC ING,FUENTES MEDINA ELENA EMILIO,ARIAS NAVARRO HELENA FABIAN,Activo,>180 y <=360
HOYOS IBARRA MATEO LUCIA,9008154,DT FFP AMC,FUENTES MEDINA ELENA EMILIO,FUENTES MEDINA ELENA EMILIO,Activo,>120 y <=180
HOYOS JIMENEZ FLORENCIA OLIVIA,9006767,BO AGENCIAS TARGET,LEIVA FIGUEROA MARIANA OSCAR,GRANADOS HERRERA VALERIA GABRIELA,Activo,>180 y <=360
HOYOS NAVARRO VALERIA IGNACIO,9013718,VENTAS AMC,TAMAYO IBARRA IGNACIO JULIETA,OCAMPO MEDINA XAVIER DIEGO,Retiro,>360
IBARRA DELGADO EMILIO GABRIEL,9015608,WPP VENTAS AMC,TAMAYO IBARRA IGNACIO JULIETA,OCAMPO MEDINA XAVIER DIEGO,Activo,>360
IBARRA FIGUEROA MARIANA OSCAR,9001679,EQUIPAJES AMC,FUENTES MEDINA ELENA EMILIO,LEIVA NAVARRO MARIANA GABRIEL,Activo,>360
IBARRA GALLEGO EMILIO TOMAS,9005197,CHAT AGENCIAS ESP,LEIVA FIGUEROA MARIANA OSCAR,CAMACHO LEIVA SOFIA SOFIA,Activo,>360
IBARRA GUERRERO TOMAS ADRIANA,9005066,WPP LUA AMC,GALLEGO FIGUEROA LUCIA OSCAR,ESCOBAR DELGADO CAMILO FABIAN,Activo,>360
IBARRA HERRERA MARIANA ELENA,9002615,RRSS AMC,TAMAYO DELGADO IGNACIO HUGO,CABRERA NAVARRO HELENA FABIAN,Activo,>360
IBARRA IBARRA EMILIO ISABEL,9002126,BO HVC AMC PORTUGUES,TAMAYO DELGADO IGNACIO HUGO,JIMENEZ GALLEGO EMILIO TOMAS,Retiro,>360
IBARRA JIMENEZ TOMAS MARIANA,9006224,CORPORATE PYME,LEIVA FIGUEROA MARIANA OSCAR,VALENCIA HERRERA RENATA FLORENCIA,Activo,>180 y <=360
IBARRA LEIVA MARIANA RENATA,9002262,BO ANTIFRAUDE AMC,TAMAYO DELGADO IGNACIO HUGO,CABRERA NAVARRO HELENA FABIAN,Activo,>360
IBARRA MALDONADO EMILIO VALERIA,9005156,BO AGENCIAS TARGET,LEIVA FIGUEROA MARIANA OSCAR,GRANADOS HERRERA VALERIA GABRIELA,Activo,>360
IBARRA MEDINA TOMAS CAMILO,9000182,BO HVC AMC PORTUGUES,TAMAYO DELGADO IGNACIO HUGO,JIMENEZ GALLEGO EMILIO TOMAS,Retiro,>360
IBARRA NAVARRO MARIANA GABRIEL,9004423,HVC AMC,TAMAYO DELGADO IGNACIO HUGO,MALDONADO JIMENEZ VALENTIN MARIANA,Retiro,>360
IBARRA OCAMPO EMILIO JULIAN,9008237,WPP EQUIPAJES AMC,FUENTES MEDINA ELENA EMILIO,CABRERA HERRERA HELENA DANIELA,Activo,>120 y <=180
IRIARTE DELGADO NICOLAS IGNACIO,9013492,CHAT VENTAS AMC,TAMAYO IBARRA IGNACIO JULIETA,OCAMPO MEDINA XAVIER DIEGO,Activo,>360
IRIARTE ESCOBAR FLORENCIA MATEO,,CHAT LUA AMC ING,DUARTE NAVARRO TAMARA HUGO,LEIVA FIGUEROA MARIANA OSCAR,Retiro,>360
IRIARTE FIGUEROA VALERIA RAMIRO,9002417,SPEECH,HOYOS MALDONADO MATEO ANDRES,ARIAS MALDONADO ANDRES TAMARA,Activo,>360
IRIARTE GALLEGO NICOLAS XAVIER,9001520,BO ANTIFRAUDE AMC,TAMAYO DELGADO IGNACIO HUGO,CABRERA NAVARRO HELENA FABIAN,Activo,>360
IRIARTE GUERRERO FLORENCIA CAROLINA,9000339,HVC AMC,GRANADOS JIMENEZ ELENA OLIVIA,ESCOBAR MALDONADO CAMILO VALERIA,Activo,>360
IRIARTE HERRERA VALERIA GABRIELA,9006827,BO AGENCIAS TARGET,LEIVA FIGUEROA MARIANA OSCAR,GRANADOS HERRERA VALERIA GABRIELA,Activo,>180 y <=360
IRIARTE IBARRA NICOLAS LUCIA,9005318,CARGO BOOKING,GALLEGO FIGUEROA LUCIA OSCAR,GRANADOS ESCOBAR ELENA MATEO,Activo,>360
IRIARTE JIMENEZ FLORENCIA OLIVIA,9006428,LUA AMC,GALLEGO FIGUEROA LUCIA OSCAR,CARDENAS MEDINA PABLO BRUNO,Activo,>180 y <=360
IRIARTE MALDONADO NICOLAS BRUNO,9000082,AG CELULA REMISION,LEIVA FIGUEROA MARIANA OSCAR,NAVARRO JIMENEZ XAVIER NATALIA,Activo,>360
IRIARTE MEDINA FLORENCIA EMILIO,9011091,VENTAS AMC,TAMAYO IBARRA IGNACIO JULIETA,GRANADOS FIGUEROA VALERIA RAMIRO,Activo,>120 y <=180
JARAMILLO DELGADO NICOLAS IGNACIO,9004504,BO_CORPORATE,LEIVA FIGUEROA MARIANA OSCAR,MALDONADO DELGADO FABIAN GABRIEL,Activo,>360
JARAMILLO ESCOBAR FLORENCIA NICOLAS,9008081,CORPORATE PYME,LEIVA FIGUEROA MARIANA OSCAR,VALENCIA HERRERA RENATA FLORENCIA,Activo,>120 y <=180
JARAMILLO FIGUEROA XIMENA RAMIRO,9011105,WPP VENTAS AMC,TAMAYO IBARRA IGNACIO JULIETA,GRANADOS FIGUEROA VALERIA RAMIRO,Activo,>120 y <=180
JARAMILLO GALLEGO NICOLAS XAVIER,9011084,VENTAS AMC,TAMAYO IBARRA IGNACIO JULIETA,GRANADOS FIGUEROA VALERIA RAMIRO,Activo,>120 y <=180
JARAMILLO GUERRERO FLORENCIA CAROLINA,9013044,CHAT VENTAS AMC,TAMAYO IBARRA IGNACIO JULIETA,GRANADOS FIGUEROA VALERIA RAMIRO,Activo,>360
JARAMILLO HERRERA XIMENA GABRIELA,,CARGO BOOKING,GALLEGO FIGUEROA LUCIA OSCAR,GRANADOS ESCOBAR ELENA MATEO,Activo,>360
JARAMILLO IBARRA NICOLAS LUCIA,9003650,BO ANTIFRAUDE AMC,TAMAYO DELGADO IGNACIO HUGO,CABRERA NAVARRO HELENA FABIAN,Activo,>360
JARAMILLO JIMENEZ FLORENCIA OLIVIA,9005381,WPP EQUIPAJES AMC,FUENTES MEDINA ELENA EMILIO,LEIVA NAVARRO MARIANA GABRIEL,Activo,>360
JARAMILLO LEIVA XIMENA TAMARA,9000773,BO_CUS_COL,FUENTES MEDINA ELENA EMILIO,CASTILLO DELGADO BRUNO FABIAN,Activo,>360
JARAMILLO MALDONADO NICOLAS BRUNO,9006575,DT FFP AMC ING,FUENTES MEDINA ELENA EMILIO,ARIAS NAVARRO HELENA FABIAN,Activo,>180 y <=360
JARAMILLO MEDINA FLORENCIA EMILIO,9007462,BO LUA AMC,FUENTES MEDINA ELENA EMILIO,GUERRERO OCAMPO DIEGO JULIAN,Activo,>180 y <=360
JARAMILLO NAVARRO XIMENA IGNACIO,,SOPORTE LUA AMC,TAMAYO IBARRA IGNACIO JULIETA,TAMAYO IBARRA IGNACIO JULIETA,Activo,>360
JIMENEZ DELGADO EMILIO GABRIEL,9012738,VENTAS AMC,TAMAYO IBARRA IGNACIO JULIETA,GRANADOS FIGUEROA VALERIA RAMIRO,Activo,>360
JIMENEZ ESCOBAR VALENTIN JULIAN,9008489,CHAT LUA AMC,IBARRA ESCOBAR TOMAS JULIAN,SALGADO DELGADO HUGO HUGO,Retiro,>30 y <=60
JIMENEZ FIGUEROA MARIANA OSCAR,9004358,DT FFP AMC ING,FUENTES MEDINA ELENA EMILIO,ARIAS NAVARRO HELENA FABIAN,Retiro,>360
JIMENEZ GUERRERO VALENTIN ADRIANA,,VENTAS AMC,AGUIRRE OCAMPO ANDRES IGNACIO,TAMAYO IBARRA IGNACIO JULIETA,Retiro,>360
JIMENEZ HERRERA MARIANA ELENA,9003232,RRSS AMC,TAMAYO DELGADO IGNACIO HUGO,HOYOS LEIVA VALERIA TAMARA,Activo,>360
JIMENEZ IBARRA EMILIO ISABEL,9007418,RRSS PORT AMC,DELGADO JIMENEZ RAMIRO MARIANA,ARIAS MEDINA OSCAR BRUNO,Retiro,>120 y <=180
JIMENEZ JIMENEZ VALENTIN MARIANA,9007546,WPP EQUIPAJES AMC,FUENTES MEDINA ELENA EMILIO,CABRERA HERRERA HELENA DANIELA,Activo,>180 y <=360
JIMENEZ LEIVA MARIANA RENATA,9008549,AGENCIAS TARGET ENG,LEIVA FIGUEROA MARIANA OSCAR,URIBE MALDONADO IGNACIO ANDRES,Activo,>60 y <=90
JIMENEZ MALDONADO EMILIO XIMENA,9002063,AG CHECK IN,LEIVA FIGUEROA MARIANA OSCAR,URIBE MALDONADO IGNACIO ANDRES,Activo,>360
JIMENEZ MEDINA VALENTIN CAMILO,9007213,LUA AMC,GALLEGO FIGUEROA LUCIA OSCAR,SALGADO DELGADO HUGO HUGO,Activo,>180 y <=360
JIMENEZ NAVARRO MARIANA GABRIEL,9004228,SOPORTE LUA AMC,TAMAYO IBARRA IGNACIO JULIETA,JARAMILLO NAVARRO XIMENA IGNACIO,Activo,>360
JIMENEZ OCAMPO EMILIO JULIAN,9005914,BO_CORPORATE,LEIVA FIGUEROA MARIANA OSCAR,MALDONADO DELGADO FABIAN GABRIEL,Activo,>180 y <=360
LEIVA DELGADO FABIAN GABRIEL,9000479,BO_WAIVERS,HOYOS MEDINA FLORENCIA EMILIO,GUERRERO MALDONADO DIEGO VALERIA,Activo,>360
LEIVA ESCOBAR VALENTIN LEANDRO,9007958,CORPORATE PYME,LEIVA FIGUEROA MARIANA OSCAR,VALENCIA HERRERA RENATA FLORENCIA,Activo,>120 y <=180
LEIVA GALLEGO FABIAN TOMAS,9003200,WPP LUA AMC,GALLEGO FIGUEROA LUCIA OSCAR,ESCOBAR DELGADO CAMILO FABIAN,Activo,>360
LEIVA GUERRERO VALENTIN ADRIANA,9006041,CORPORATE PYME,LEIVA FIGUEROA MARIANA OSCAR,VALENCIA HERRERA RENATA FLORENCIA,Activo,>180 y <=360
LEIVA HERRERA MARIANA ELENA,9003470,WPP HVC PORT AMC,TAMAYO DELGADO IGNACIO HUGO,JIMENEZ GALLEGO EMILIO TOMAS,Retiro,>360
LEIVA IBARRA FABIAN ISABEL,9003761,WPP EQUIPAJES AMC,FUENTES MEDINA ELENA EMILIO,CABRERA HERRERA HELENA DANIELA,Activo,>360
LEIVA JIMENEZ VALENTIN MARIANA,9008000,BO LUA AMC,FUENTES MEDINA ELENA EMILIO,GUERRERO OCAMPO DIEGO JULIAN,Activo,>120 y <=180
LEIVA MALDONADO FABIAN XIMENA,9013383,WPP VENTAS AMC,TAMAYO IBARRA IGNACIO JULIETA,IRIARTE NAVARRO VALERIA IGNACIO,Activo,>360
LEIVA MEDINA VALENTIN CAMILO,9008279,BO EQUIPAJES AMC,FUENTES MEDINA ELENA EMILIO,LEIVA NAVARRO MARIANA GABRIEL,Activo,>120 y <=180
LEIVA NAVARRO MARIANA GABRIEL,,EQUIPAJES AMC,FUENTES MEDINA ELENA EMILIO,FUENTES MEDINA ELENA EMILIO,Activo,>360
LEIVA OCAMPO FABIAN LEANDRO,9000833,RRSS AMC ING,TAMAYO DELGADO IGNACIO HUGO,HOYOS LEIVA VALERIA TAMARA,Activo,>360
LOZANO DELGADO NICOLAS IGNACIO,9000660,WPP EQUIPAJES AMC,FUENTES MEDINA ELENA EMILIO,CABRERA HERRERA HELENA DANIELA,Activo,>360
LOZANO ESCOBAR GABRIELA NICOLAS,9007665,AGENCIAS TARGET ES,LEIVA FIGUEROA MARIANA OSCAR,LEIVA LEIVA MARIANA RENATA,Activo,>120 y <=180
LOZANO FIGUEROA XIMENA RAMIRO,9003629,EQUIPAJES AMC ING,FUENTES MEDINA ELENA EMILIO,CABRERA HERRERA HELENA DANIELA,Activo,>360
LOZANO GALLEGO NICOLAS XAVIER,9000062,BO ANTIFRAUDE AMC,TAMAYO DELGADO IGNACIO HUGO,CABRERA NAVARRO HELENA FABIAN,Activo,>360
LOZANO GUERRERO GABRIELA DANIELA,9005672,AGENCIAS TARGET ENG,LEIVA FIGUEROA MARIANA OSCAR,URIBE MALDONADO IGNACIO ANDRES,Activo,>360
LOZANO HERRERA XIMENA GABRIELA,9000752,WPP EQUIPAJES AMC,FUENTES MEDINA ELENA EMILIO,CABRERA HERRERA HELENA DANIELA,Activo,>360
LOZANO IBARRA NICOLAS LUCIA,9008440,BO LUA AMC,FUENTES MEDINA ELENA EMILIO,GUERRERO OCAMPO DIEGO JULIAN,Activo,>120 y <=180
LOZANO JIMENEZ GABRIELA OLIVIA,9005610,WPP HVC PORT AMC,TAMAYO DELGADO IGNACIO HUGO,IRIARTE LEIVA VALERIA TAMARA,Retiro,>180 y <=360
LOZANO LEIVA XIMENA TAMARA,9001245,BO HVC AMC PORTUGUES,TAMAYO DELGADO IGNACIO HUGO,MEDINA JIMENEZ XAVIER NATALIA,Retiro,>360
LOZANO MALDONADO NICOLAS BRUNO,9005692,AGENCIAS TARGET ENG,LEIVA FIGUEROA MARIANA OSCAR,URIBE MALDONADO IGNACIO ANDRES,Activo,>360
LOZANO MEDINA GABRIELA EMILIO,9004625,LUA AMC,GALLEGO FIGUEROA LUCIA OSCAR,GALLEGO FIGUEROA LUCIA OSCAR,Activo,>360
LOZANO NAVARRO XIMENA IGNACIO,9003824,DT FFP AMC ING,FUENTES MEDINA ELENA EMILIO,ARIAS NAVARRO HELENA FABIAN,Activo,>360
MALDONADO ESCOBAR VALENTIN LEANDRO,9006478,BO AGENCIAS TARGET,LEIVA FIGUEROA MARIANA OSCAR,GRANADOS HERRERA VALERIA GABRIELA,Activo,>180 y <=360
MALDONADO FIGUEROA NATALIA OSCAR,9004604,BO_CORPORATE,LEIVA FIGUEROA MARIANA OSCAR,MALDONADO DELGADO FABIAN GABRIEL,Activo,>360
MALDONADO GALLEGO FABIAN TOMAS,9000926,RRSS PORT AMC,TAMAYO DELGADO IGNACIO HUGO,ARIAS MEDINA OSCAR BRUNO,Retiro,>360
MALDONADO GUERRERO VALENTIN BELEN,9007255,LUA AMC,GALLEGO FIGUEROA LUCIA OSCAR,CARDENAS MEDINA PABLO BRUNO,Activo,>180 y <=360
MALDONADO HERRERA NATALIA ELENA,9000360,BO ANTIFRAUDE AMC,TAMAYO DELGADO IGNACIO HUGO,CABRERA NAVARRO HELENA FABIAN,Activo,>360
MALDONADO LEIVA NATALIA RENATA,9001188,WPP EQUIPAJES AMC,FUENTES MEDINA ELENA EMILIO,CABRERA HERRERA HELENA DANIELA,Activo,>360
MALDONADO MALDONADO FABIAN XIMENA,9005084,AG CORPORATE CHAT,LEIVA FIGUEROA MARIANA OSCAR,MALDONADO DELGADO FABIAN GABRIEL,Activo,>360
MALDONADO MEDINA VALENTIN CAMILO,9005402,BO_CUS_COL,FUENTES MEDINA ELENA EMILIO,CASTILLO DELGADO BRUNO FABIAN,Activo,>360
MALDONADO NAVARRO NATALIA GABRIEL,9007979,BO LUA AMC,FUENTES MEDINA ELENA EMILIO,GUERRERO OCAMPO DIEGO JULIAN,Activo,>120 y <=180
MALDONADO OCAMPO FABIAN LEANDRO,9005631,BO EQUIPAJES AMC,FUENTES MEDINA ELENA EMILIO,LEIVA NAVARRO MARIANA GABRIEL,Activo,>360
MEDINA DELGADO FABIAN GABRIEL,9008321,LUA AMC,GALLEGO FIGUEROA LUCIA OSCAR,SALGADO DELGADO HUGO HUGO,Activo,>120 y <=180
MEDINA ESCOBAR XAVIER LEANDRO,,CARGO BOOKING,GALLEGO FIGUEROA LUCIA OSCAR,GRANADOS ESCOBAR ELENA MATEO,Activo,>360
MEDINA FIGUEROA NATALIA OSCAR,9006498,BO_CORPORATE,LEIVA FIGUEROA MARIANA OSCAR,MALDONADO DELGADO FABIAN GABRIEL,Activo,>180 y <=360
MEDINA GALLEGO FABIAN TOMAS,9002492,HVC AMC,GRANADOS JIMENEZ ELENA OLIVIA,ESCOBAR MALDONADO CAMILO VALERIA,Activo,>360
MEDINA GUERRERO XAVIER BELEN,9004286,WPP HVC PORT AMC,TAMAYO DELGADO IGNACIO HUGO,JIMENEZ GALLEGO EMILIO TOMAS,Retiro,>360
MEDINA HERRERA NATALIA ELENA,,CARGO BOOKING,GALLEGO FIGUEROA LUCIA OSCAR,GRANADOS ESCOBAR ELENA MATEO,Activo,>360
MEDINA IBARRA FABIAN ISABEL,9005003,EQUIPAJES AMC,FUENTES MEDINA ELENA EMILIO,LEIVA NAVARRO MARIANA GABRIEL,Activo,>360
MEDINA LEIVA NATALIA RENATA,9007140,AG CHECK IN,LEIVA FIGUEROA MARIANA OSCAR,URIBE MALDONADO IGNACIO ANDRES,Activo,>180 y <=360
MEDINA MALDONADO FABIAN XIMENA,9005045,WPP LUA AMC,GALLEGO FIGUEROA LUCIA OSCAR,ESCOBAR DELGADO CAMILO FABIAN,Activo,>360
MEDINA MEDINA XAVIER CAMILO,9011077,LUA AMC,GALLEGO FIGUEROA LUCIA OSCAR,GRANADOS IBARRA MATEO JULIETA,Activo,>120 y <=180
MEDINA NAVARRO NATALIA GABRIEL,9000255,RRSS AMC ING,TAMAYO DELGADO IGNACIO HUGO,HOYOS LEIVA VALERIA TAMARA,Activo,>360
MEDINA OCAMPO FABIAN LEANDRO,9001002,BO HVC AMC PORTUGUES,TAMAYO DELGADO IGNACIO HUGO,MEDINA JIMENEZ XAVIER NATALIA,Retiro,>360
MONTOYA DELGADO OSCAR IGNACIO,9008589,LUA AMC ING,GALLEGO FIGUEROA LUCIA OSCAR,DELGADO OCAMPO CAMILO JULIAN,Activo,>60 y <=90
MONTOYA ESCOBAR GABRIELA NICOLAS,9008529,LUA AMC ING,GALLEGO FIGUEROA LUCIA OSCAR,DELGADO OCAMPO CAMILO JULIAN,Activo,>60 y <=90
MONTOYA GALLEGO OSCAR XAVIER,9007441,BO HVC AMC PORTUGUES,TAMAYO DELGADO IGNACIO HUGO,MEDINA JIMENEZ XAVIER NATALIA,Retiro,>120 y <=180
MONTOYA GUERRERO GABRIELA DANIELA,9006950,HVC AMC,GRANADOS JIMENEZ ELENA OLIVIA,FIGUEROA OCAMPO DIEGO JULIAN,Activo,>180 y <=360
MONTOYA IBARRA OSCAR LUCIA,9004026,BO LUA AMC,FUENTES MEDINA ELENA EMILIO,GUERRERO OCAMPO DIEGO JULIAN,Activo,>360
MONTOYA JIMENEZ GABRIELA PAULA,9000604,LATAM TRAVEL AMC,FUENTES MEDINA ELENA EMILIO,CASTILLO DELGADO BRUNO FABIAN,Activo,>360
MONTOYA LEIVA XIMENA TAMARA,9006735,CORPORATE PYME,LEIVA FIGUEROA MARIANA OSCAR,VALENCIA HERRERA RENATA FLORENCIA,Activo,>180 y <=360
MONTOYA MALDONADO OSCAR BRUNO,9012196,CHAT VENTAS AMC,TAMAYO IBARRA IGNACIO JULIETA,OCAMPO MEDINA XAVIER DIEGO,Activo,>360
MONTOYA NAVARRO XIMENA IGNACIO,9001146,RRSS AMC,TAMAYO DELGADO IGNACIO HUGO,CABRERA NAVARRO HELENA FABIAN,Activo,>360
NAVARRO DELGADO GABRIEL GABRIEL,9001829,LATAM TRAVEL AMC,FUENTES MEDINA ELENA EMILIO,CASTILLO DELGADO BRUNO FABIAN,Activo,>360
NAVARRO ESCOBAR XAVIER LEANDRO,9002573,DT FFP AMC,FUENTES MEDINA ELENA EMILIO,FUENTES MEDINA ELENA EMILIO,Activo,>360
NAVARRO FIGUEROA NATALIA OSCAR,9000562,BO_CUS_COL,FUENTES MEDINA ELENA EMILIO,CASTILLO DELGADO BRUNO FABIAN,Activo,>360
NAVARRO GALLEGO GABRIEL TOMAS,9002022,BO HVC AMC PORTUGUES,TAMAYO DELGADO IGNACIO HUGO,MEDINA JIMENEZ XAVIER NATALIA,Retiro,>360
NAVARRO GUERRERO XAVIER BELEN,9005136,WPP LUA AMC,GALLEGO FIGUEROA LUCIA OSCAR,PALACIOS MEDINA ADRIANA DIEGO,Activo,>360
NAVARRO HERRERA NATALIA ELENA,9002715,HVC AMC,GRANADOS JIMENEZ ELENA OLIVIA,MALDONADO JIMENEZ VALENTIN MARIANA,Activo,>360
NAVARRO IBARRA GABRIEL ISABEL,9004646,BO_CUS_COL,FUENTES MEDINA ELENA EMILIO,CASTILLO DELGADO BRUNO FABIAN,Activo,>360
NAVARRO LEIVA NATALIA RENATA,9005451,BO AGENCIAS TARGET,LEIVA FIGUEROA MARIANA OSCAR,GRANADOS HERRERA VALERIA GABRIELA,Activo,>360
NAVARRO MALDONADO GABRIEL XIMENA,9013749,WPP VENTAS AMC,TAMAYO IBARRA IGNACIO JULIETA,IRIARTE NAVARRO VALERIA IGNACIO,Activo,>360
NAVARRO MEDINA XAVIER DIEGO,9002283,DT FFP AMC ING,FUENTES MEDINA ELENA EMILIO,ARIAS NAVARRO HELENA FABIAN,Activo,>360
NAVARRO NAVARRO NATALIA GABRIEL,9003656,CHAT HVC PORT AMC,TAMAYO DELGADO IGNACIO HUGO,CABRERA NAVARRO HELENA FABIAN,Retiro,>360
NAVARRO OCAMPO GABRIEL LEANDRO,9003116,RRSS AMC,TAMAYO DELGADO IGNACIO HUGO,ESCOBAR NAVARRO JULIETA FABIAN,Activo,>360
OCAMPO DELGADO GABRIEL GABRIEL,9002884,WPP HVC PORT AMC,TAMAYO DELGADO IGNACIO HUGO,IRIARTE LEIVA VALERIA TAMARA,Retiro,>360
OCAMPO ESCOBAR XAVIER LEANDRO,9004940,SPEECH,HOYOS MALDONADO MATEO ANDRES,ARIAS MALDONADO ANDRES TAMARA,Activo,>360
OCAMPO FIGUEROA OLIVIA PABLO,9018827,WPP VENTAS AMC,TAMAYO IBARRA IGNACIO JULIETA,OCAMPO MEDINA XAVIER DIEGO,Activo,>120 y <=180
OCAMPO GALLEGO GABRIEL TOMAS,,CARGO BOOKING,GALLEGO FIGUEROA LUCIA OSCAR,GRANADOS ESCOBAR ELENA MATEO,Activo,>360
OCAMPO GUERRERO XAVIER BELEN,9001341,DT FFP AMC,FUENTES MEDINA ELENA EMILIO,ARIAS NAVARRO HELENA FABIAN,Activo,>360
OCAMPO HERRERA OLIVIA ELENA,9002978,EQUIPAJES AMC ING,FUENTES MEDINA ELENA EMILIO,CABRERA HERRERA HELENA DANIELA,Activo,>360
OCAMPO IBARRA GABRIEL ISABEL,9004586,WPP HVC PORT AMC,TAMAYO DELGADO IGNACIO HUGO,JIMENEZ GALLEGO EMILIO TOMAS,Retiro,>360
OCAMPO JIMENEZ XAVIER NATALIA,9001785,RRSS AMC ING,TAMAYO DELGADO IGNACIO HUGO,HOYOS LEIVA VALERIA TAMARA,Activo,>360
OCAMPO LEIVA OLIVIA RENATA,9005360,LUA AMC,GALLEGO FIGUEROA LUCIA OSCAR,CARDENAS MEDINA PABLO BRUNO,Activo,>360
OCAMPO MALDONADO GABRIEL XIMENA,9008482,CHAT LUA AMC,IBARRA ESCOBAR TOMAS JULIAN,SALGADO DELGADO HUGO HUGO,Retiro,>30 y <=60
OCAMPO MEDINA XAVIER DIEGO,,VENTAS AMC,AGUIRRE OCAMPO ANDRES IGNACIO,TAMAYO IBARRA IGNACIO JULIETA,Activo,>360
OCAMPO NAVARRO OLIVIA GABRIEL,9000521,BO_CUS_COL,FUENTES MEDINA ELENA EMILIO,CASTILLO DELGADO BRUNO FABIAN,Activo,>360
OCAMPO OCAMPO GABRIEL LEANDRO,9002846,BO EQUIPAJES AMC,FUENTES MEDINA ELENA EMILIO,CABRERA HERRERA HELENA DANIELA,Activo,>360
PALACIOS DELGADO GABRIEL GABRIEL,9001582,LATAM TRAVEL AMC,FUENTES MEDINA ELENA EMILIO,CASTILLO DELGADO BRUNO FABIAN,Activo,>360
PALACIOS ESCOBAR ADRIANA LEANDRO,9004169,RRSS AMC,TAMAYO DELGADO IGNACIO HUGO,ARIAS MEDINA OSCAR BRUNO,Activo,>360
PALACIOS FIGUEROA OLIVIA PABLO,9007907,BO_CORPORATE,LEIVA FIGUEROA MARIANA OSCAR,MALDONADO DELGADO FABIAN GABRIEL,Activo,>120 y <=180
PALACIOS GALLEGO GABRIEL TOMAS,9007525,WPP EQUIPAJES AMC,FUENTES MEDINA ELENA EMILIO,LEIVA NAVARRO MARIANA GABRIEL,Activo,>180 y <=360
PALACIOS GUERRERO ADRIANA BELEN,9007483,LUA AMC,GALLEGO FIGUEROA LUCIA OSCAR,CARDENAS MEDINA PABLO BRUNO,Retiro,>120 y <=180
PALACIOS HERRERA OLIVIA FLORENCIA,9005587,CHAT HVC PORT AMC,TAMAYO DELGADO IGNACIO HUGO,CASTILLO GALLEGO BRUNO SANTIAGO,Retiro,>180 y <=360
PALACIOS IBARRA GABRIEL ISABEL,9012765,CHAT VENTAS AMC,TAMAYO IBARRA IGNACIO JULIETA,GRANADOS FIGUEROA VALERIA RAMIRO,Activo,>360
PALACIOS JIMENEZ ADRIANA NATALIA,9007645,CORPORATE PYME,LEIVA FIGUEROA MARIANA OSCAR,VALENCIA HERRERA RENATA FLORENCIA,Activo,>120 y <=180
PALACIOS LEIVA OLIVIA RENATA,9018884,WPP VENTAS AMC,TAMAYO IBARRA IGNACIO JULIETA,OCAMPO MEDINA XAVIER DIEGO,Activo,>120 y <=180
PALACIOS MALDONADO GABRIEL XIMENA,9002763,RRSS PORT AMC,DELGADO JIMENEZ RAMIRO MARIANA,ARIAS MEDINA OSCAR BRUNO,Retiro,>360
PALACIOS MEDINA ADRIANA DIEGO,,LUA AMC,GALLEGO FIGUEROA LUCIA OSCAR,GALLEGO FIGUEROA LUCIA OSCAR,Activo,>360
PALACIOS NAVARRO OLIVIA GABRIEL,9019275,WPP VENTAS AMC,TAMAYO IBARRA IGNACIO JULIETA,IRIARTE NAVARRO VALERIA IGNACIO,Activo,>120 y <=180
PALACIOS OCAMPO GABRIEL LEANDRO,9005770,BO_CUS_COL,FUENTES MEDINA ELENA EMILIO,CASTILLO DELGADO BRUNO FABIAN,Activo,>180 y <=360
QUINTERO DELGADO HUGO GABRIEL,9001367,WPP HVC PORT AMC,TAMAYO DELGADO IGNACIO HUGO,JIMENEZ GALLEGO EMILIO TOMAS,Retiro,>360
QUINTERO ESCOBAR ADRIANA LEANDRO,9004131,RRSS AMC,TAMAYO DELGADO IGNACIO HUGO,ARIAS MEDINA OSCAR BRUNO,Activo,>360
QUINTERO FIGUEROA OLIVIA PABLO,9006386,LUA AMC ING,GALLEGO FIGUEROA LUCIA OSCAR,DELGADO OCAMPO CAMILO JULIAN,Activo,>180 y <=360
QUINTERO GALLEGO HUGO TOMAS,9004302,BO HVC AMC PORTUGUES,TAMAYO DELGADO IGNACIO HUGO,IRIARTE LEIVA VALERIA TAMARA,Retiro,>360
QUINTERO GUERRERO ADRIANA BELEN,9006686,CHAT AGENCIAS ESP,LEIVA FIGUEROA MARIANA OSCAR,CAMACHO LEIVA SOFIA SOFIA,Activo,>180 y <=360
QUINTERO HERRERA OLIVIA FLORENCIA,9000381,BO_CUS_COL,FUENTES MEDINA ELENA EMILIO,CASTILLO DELGADO BRUNO FABIAN,Activo,>360
QUINTERO IBARRA HUGO ISABEL,9005177,SPEECH,HOYOS MALDONADO MATEO ANDRES,ARIAS MALDONADO ANDRES TAMARA,Activo,>360
QUINTERO LEIVA OLIVIA SOFIA,9004344,RRSS AMC,TAMAYO DELGADO IGNACIO HUGO,CABRERA NAVARRO HELENA FABIAN,Activo,>360
QUINTERO MALDONADO HUGO XIMENA,9004740,BO ANTIFRAUDE AMC,TAMAYO DELGADO IGNACIO HUGO,CABRERA NAVARRO HELENA FABIAN,Activo,>360
QUINTERO MEDINA ADRIANA DIEGO,9001267,BO HVC AMC PORTUGUES,TAMAYO DELGADO IGNACIO HUGO,IRIARTE LEIVA VALERIA TAMARA,Retiro,>360
QUINTERO NAVARRO OLIVIA GABRIEL,9008363,LUA AMC ING,GALLEGO FIGUEROA LUCIA OSCAR,DELGADO OCAMPO CAMILO JULIAN,Activo,>120 y <=180
REYES DELGADO HUGO HUGO,9001996,RRSS AMC,TAMAYO DELGADO IGNACIO HUGO,CABRERA NAVARRO HELENA FABIAN,Activo,>360
REYES ESCOBAR ADRIANA LEANDRO,9008342,WPP EQUIPAJES AMC,FUENTES MEDINA ELENA EMILIO,CABRERA HERRERA HELENA DANIELA,Activo,>120 y <=180
REYES FIGUEROA PAULA PABLO,9008509,LUA AMC ING,GALLEGO FIGUEROA LUCIA OSCAR,MONTOYA FIGUEROA XIMENA RAMIRO,Activo,>60 y <=90
REYES GALLEGO HUGO TOMAS,9003985,DT FFP AMC,FUENTES MEDINA ELENA EMILIO,FIGUEROA NAVARRO JULIETA FABIAN,Activo,>360
REYES GUERRERO ADRIANA BELEN,9019988,SPEECH,FUENTES MEDINA ELENA EMILIO,FUENTES MEDINA ELENA EMILIO,Activo,>360
REYES HERRERA PAULA FLORENCIA,,BO LUA AMC,AGUIRRE OCAMPO ANDRES IGNACIO,TAMAYO IBARRA IGNACIO JULIETA,Retiro,>360
REYES IBARRA HUGO ISABEL,9008419,CHAT LUA AMC,IBARRA ESCOBAR TOMAS JULIAN,ESCOBAR DELGADO CAMILO FABIAN,Retiro,>30 y <=60
REYES JIMENEZ ADRIANA NATALIA,9000853,AGENCIAS TARGET ENG,LEIVA FIGUEROA MARIANA OSCAR,URIBE MALDONADO IGNACIO ANDRES,Activo,>360
REYES LEIVA PAULA SOFIA,9011881,CHAT VENTAS AMC,TAMAYO IBARRA IGNACIO JULIETA,IRIARTE NAVARRO VALERIA IGNACIO,Activo,>360
REYES MALDONADO HUGO XIMENA,9003534,AG CELULA REMISION,LEIVA FIGUEROA MARIANA OSCAR,NAVARRO JIMENEZ XAVIER NATALIA,Activo,>360
REYES MEDINA ADRIANA DIEGO,9002375,BO EQUIPAJES AMC,FUENTES MEDINA ELENA EMILIO,CABRERA HERRERA HELENA DANIELA,Activo,>360
SALGADO DELGADO HUGO HUGO,,LUA AMC,GALLEGO FIGUEROA LUCIA OSCAR,GALLEGO FIGUEROA LUCIA OSCAR,Activo,>360
SALGADO ESCOBAR BELEN LEANDRO,9004093,RRSS AMC,TAMAYO DELGADO IGNACIO HUGO,HOYOS LEIVA VALERIA TAMARA,Activo,>360
SALGADO FIGUEROA PAULA PABLO,9012037,CHAT VENTAS AMC,TAMAYO IBARRA IGNACIO JULIETA,GRANADOS FIGUEROA VALERIA RAMIRO,Activo,>360
SALGADO GALLEGO HUGO VALENTIN,9007938,BO LUA AMC,FUENTES MEDINA ELENA EMILIO,GUERRERO OCAMPO DIEGO JULIAN,Retiro,>120 y <=180
SALGADO GUERRERO BELEN BELEN,,VENTAS AMC,AGUIRRE OCAMPO ANDRES IGNACIO,TAMAYO IBARRA IGNACIO JULIETA,Retiro,>360
SALGADO HERRERA PAULA FLORENCIA,9004913,AGENCIAS TARGET ENG,LEIVA FIGUEROA MARIANA OSCAR,URIBE MALDONADO IGNACIO ANDRES,Activo,>360
SALGADO IBARRA HUGO ISABEL,9007084,AGENCIAS TARGET ES,LEIVA FIGUEROA MARIANA OSCAR,LEIVA LEIVA MARIANA RENATA,Activo,>180 y <=360
SALGADO JIMENEZ BELEN NATALIA,9006083,EQUIPAJES AMC,FUENTES MEDINA ELENA EMILIO,CABRERA HERRERA HELENA DANIELA,Activo,>180 y <=360
SALGADO LEIVA PAULA SOFIA,9005811,EQUIPAJES AMC,FUENTES MEDINA ELENA EMILIO,LEIVA NAVARRO MARIANA GABRIEL,Activo,>180 y <=360
SALGADO MALDONADO HUGO XIMENA,9004454,SOPORTE LUA AMC,TAMAYO IBARRA IGNACIO JULIETA,JARAMILLO NAVARRO XIMENA IGNACIO,Activo,>360
SALGADO MEDINA BELEN DIEGO,,GOL SMILES BKO ESP,MONTOYA MEDINA GABRIELA EMILIO,MONTOYA MEDINA GABRIELA EMILIO,Retiro,>360
SALGADO NAVARRO PAULA HUGO,9011112,VENTAS AMC,TAMAYO IBARRA IGNACIO JULIETA,GRANADOS FIGUEROA VALERIA RAMIRO,Retiro,>90 y <=120
TAMAYO FIGUEROA PAULA PABLO,9007234,LUA AMC,GALLEGO FIGUEROA LUCIA OSCAR,SALGADO DELGADO HUGO HUGO,Retiro,>180 y <=360
TAMAYO GALLEGO IGNACIO VALENTIN,9005970,AG CORPORATE CHAT,LEIVA FIGUEROA MARIANA OSCAR,MALDONADO DELGADO FABIAN GABRIEL,Activo,>180 y <=360
TAMAYO GUERRERO BELEN BELEN,9007044,DT FFP AMC,FUENTES MEDINA ELENA EMILIO,ARIAS NAVARRO HELENA FABIAN,Activo,>180 y <=360
TAMAYO HERRERA PAULA FLORENCIA,9006448,AG CORPORATE CHAT,LEIVA FIGUEROA MARIANA OSCAR,MALDONADO DELGADO FABIAN GABRIEL,Activo,>180 y <=360
TAMAYO IBARRA IGNACIO JULIETA,,OPERACION MEDELLIN,GUERRERO IBARRA DIEGO HELENA,AGUIRRE OCAMPO ANDRES IGNACIO,Activo,>180 y <=360
TAMAYO JIMENEZ BELEN NATALIA,9006656,AG CHECK IN,LEIVA FIGUEROA MARIANA OSCAR,URIBE MALDONADO IGNACIO ANDRES,Activo,>180 y <=360
TAMAYO LEIVA PAULA SOFIA,9011247,SPEECH,HOYOS MALDONADO MATEO ANDRES,ARIAS MALDONADO ANDRES TAMARA,Activo,>360
TAMAYO MALDONADO IGNACIO XIMENA,9005024,EQUIPAJES AMC,FUENTES MEDINA ELENA EMILIO,LEIVA NAVARRO MARIANA GABRIEL,Activo,>360
TAMAYO MEDINA BELEN DIEGO,9000159,HVC AMC,GRANADOS JIMENEZ ELENA OLIVIA,ESCOBAR MALDONADO CAMILO VALERIA,Activo,>360
TAMAYO NAVARRO PAULA HUGO,9008447,CHAT LUA AMC,IBARRA ESCOBAR TOMAS JULIAN,ESCOBAR DELGADO CAMILO FABIAN,Retiro,>30 y <=60
URIBE DELGADO IGNACIO HUGO,9003051,SOPORTE LUA AMC,TAMAYO IBARRA IGNACIO JULIETA,JARAMILLO NAVARRO XIMENA IGNACIO,Activo,>360
URIBE ESCOBAR BELEN LEANDRO,9001808,RRSS AMC ING,DELGADO JIMENEZ RAMIRO MARIANA,HOYOS LEIVA VALERIA TAMARA,Retiro,>360
URIBE FIGUEROA RENATA PABLO,9007587,AGENCIAS TARGET ES,LEIVA FIGUEROA MARIANA OSCAR,CAMACHO LEIVA SOFIA SOFIA,Activo,>120 y <=180
URIBE GALLEGO IGNACIO VALENTIN,9002396,HVC AMC,GRANADOS JIMENEZ ELENA OLIVIA,MALDONADO JIMENEZ VALENTIN MARIANA,Activo,>360
URIBE GUERRERO BELEN BELEN,,LUA AMC,GALLEGO FIGUEROA LUCIA OSCAR,GALLEGO FIGUEROA LUCIA OSCAR,Activo,>360
URIBE HERRERA RENATA FLORENCIA,9001887,RRSS AMC,TAMAYO DELGADO IGNACIO HUGO,HOYOS LEIVA VALERIA TAMARA,Activo,>360
URIBE IBARRA IGNACIO JULIETA,9002471,BO HVC AMC PORTUGUES,TAMAYO DELGADO IGNACIO HUGO,IRIARTE LEIVA VALERIA TAMARA,Retiro,>360
URIBE JIMENEZ BELEN NATALIA,9012820,WPP VENTAS AMC,TAMAYO IBARRA IGNACIO JULIETA,IRIARTE NAVARRO VALERIA IGNACIO,Activo,>360
URIBE LEIVA RENATA SOFIA,9013323,CHAT VENTAS AMC,TAMAYO IBARRA IGNACIO JULIETA,OCAMPO MEDINA XAVIER DIEGO,Activo,>360
URIBE MEDINA BELEN DIEGO,9004961,WPP LUA AMC,GALLEGO FIGUEROA LUCIA OSCAR,ESCOBAR DELGADO CAMILO FABIAN,Activo,>360
URIBE NAVARRO RENATA HUGO,9016977,WPP VENTAS AMC,TAMAYO IBARRA IGNACIO JULIETA,GRANADOS FIGUEROA VALERIA RAMIRO,Activo,>180 y <=360
VALENCIA DELGADO IGNACIO HUGO,9007769,CHAT AGENCIAS ESP,LEIVA FIGUEROA MARIANA OSCAR,GRANADOS HERRERA VALERIA GABRIELA,Activo,>120 y <=180
VALENCIA ESCOBAR CAROLINA MATEO,9000124,BO_WAIVERS,HOYOS MEDINA FLORENCIA EMILIO,GUERRERO MALDONADO DIEGO VALERIA,Activo,>360
VALENCIA FIGUEROA RENATA PABLO,9000541,AG CHECK IN,LEIVA FIGUEROA MARIANA OSCAR,MALDONADO DELGADO FABIAN GABRIEL,Activo,>360
VALENCIA GALLEGO IGNACIO VALENTIN,9002804,BO_WAIVERS,HOYOS MEDINA FLORENCIA EMILIO,GUERRERO MALDONADO DIEGO VALERIA,Activo,>360
VALENCIA GUERRERO CAROLINA BELEN,9000983,RRSS AMC ING,DELGADO JIMENEZ RAMIRO MARIANA,HOYOS LEIVA VALERIA TAMARA,Retiro,>360
VALENCIA IBARRA IGNACIO JULIETA,,CARGO BOOKING,GALLEGO FIGUEROA LUCIA OSCAR,GRANADOS ESCOBAR ELENA MATEO,Activo,>360
VALENCIA JIMENEZ CAROLINA NATALIA,9016628,VENTAS AMC,TAMAYO IBARRA IGNACIO JULIETA,OCAMPO MEDINA XAVIER DIEGO,Activo,>360
VALENCIA LEIVA RENATA SOFIA,9006280,AG CHECK IN,LEIVA FIGUEROA MARIANA OSCAR,MALDONADO DELGADO FABIAN GABRIEL,Activo,>180 y <=360
VALENCIA MALDONADO IGNACIO ANDRES,9004394,HVC AMC,GRANADOS JIMENEZ ELENA OLIVIA,FIGUEROA OCAMPO DIEGO JULIAN,Activo,>360
VALENCIA MEDINA CAROLINA DIEGO,9005990,AG CORPORATE CHAT,LEIVA FIGUEROA MARIANA OSCAR,MALDONADO DELGADO FABIAN GABRIEL,Activo,>180 y <=360
VALENCIA NAVARRO RENATA HUGO,9016217,WPP VENTAS AMC,TAMAYO IBARRA IGNACIO JULIETA,GRANADOS FIGUEROA VALERIA RAMIRO,Activo,>360
ZAMORA DELGADO JULIAN HUGO,9001540,AG CELULA REMISION,LEIVA FIGUEROA MARIANA OSCAR,NAVARRO JIMENEZ XAVIER NATALIA,Activo,>360
ZAMORA ESCOBAR CAROLINA MATEO,9003803,EQUIPAJES AMC,FUENTES MEDINA ELENA EMILIO,LEIVA NAVARRO MARIANA GABRIEL,Retiro,>360
ZAMORA FIGUEROA RENATA PABLO,9008258,WPP LUA AMC,GALLEGO FIGUEROA LUCIA OSCAR,MALDONADO IBARRA FABIAN ISABEL,Activo,>120 y <=180
ZAMORA GALLEGO JULIAN VALENTIN,9000731,RRSS AMC,TAMAYO DELGADO IGNACIO HUGO,CABRERA NAVARRO HELENA FABIAN,Activo,>360
ZAMORA GUERRERO CAROLINA CAROLINA,9000976,BO_WAIVERS,HOYOS MEDINA FLORENCIA EMILIO,GUERRERO MALDONADO DIEGO VALERIA,Activo,>360
ZAMORA HERRERA RENATA FLORENCIA,9000794,BO ANTIFRAUDE AMC,TAMAYO DELGADO IGNACIO HUGO,CABRERA NAVARRO HELENA FABIAN,Activo,>360
ZAMORA IBARRA JULIAN JULIETA,9007625,AGENCIAS TARGET ES,LEIVA FIGUEROA MARIANA OSCAR,CAMACHO LEIVA SOFIA SOFIA,Activo,>120 y <=180
ZAMORA JIMENEZ CAROLINA NATALIA,,CARGO BOOKING,GALLEGO FIGUEROA LUCIA OSCAR,GRANADOS ESCOBAR ELENA MATEO,Activo,>360
ZAMORA LEIVA RENATA SOFIA,9013842,DT FFP AMC,FUENTES MEDINA ELENA EMILIO,FUENTES MEDINA ELENA EMILIO,Activo,>360
ZAMORA MALDONADO JULIAN ANDRES,9000138,EQUIPAJES AMC ING,FUENTES MEDINA ELENA EMILIO,CABRERA HERRERA HELENA DANIELA,Retiro,>360
ZAMORA MEDINA CAROLINA DIEGO,9002925,AG CELULA REMISION,LEIVA FIGUEROA MARIANA OSCAR,NAVARRO JIMENEZ XAVIER NATALIA,Activo,>360
ZAMORA NAVARRO RENATA HUGO,9001114,SOPORTE LUA AMC,TAMAYO IBARRA IGNACIO JULIETA,JARAMILLO NAVARRO XIMENA IGNACIO,Activo,>360
